title	year	genre	instrumentation	commission
Concerto Grosso for Piri, Janggu, and Orchestra	2020	Orchestra	Piri, Janggu, Orchestra	Chae Dong Sun Music Festival
"Beet and Hoven" for String Orchestra	2020	Orchestra	String Orchestra	Seoul Tutti Ensemble
"Turbulent Lines" for Woodwind Quiartet and Percussion Quartet	2019	Chamber	Flute, Oboe, Clarinet, Horn, Bassoon, 4 Percussion	Ensmble Eclat
"Monologue" for Bass Clarinet Solo	2019	Solo	Bass Clarinet	
Arirang Fantasy for Clarinet Solo and String Orchestra	2019	Orchestra	Clarinet, String Orchestra	
Farewell for Mixed Choir and Piano	2018	Choir	Choir, Piano	
Hocket for Octet	2017	Chamber	Flute, Oboe, Clarinet, Bassoon, 2 Violins, Viola, Violoncello	
“Moments musicaux” for Soprano Sheng, Clarinet, Guzheng, Violin and Percussion	2017	Chamber	Soprano Sheng, Clarinet, Guzheng, Violin, Percussion	ACL-Korea
“The Lonely Outcry” for Viola Solo and Orchestra	2016	Orchestra	Viola, Orchestra	
“사랑가” for Mixed Choir	2016	Choir	Choir, Piano	
가곡 “찬밥”	2016	Vocal	Tenor, Piano	
가곡 시편22편	2016	Vocal	Baritone, Piano	
Sonic Shadow for Violin Solo and Electronics	2015	Solo	Violin, Electronics	TIMF Ensemble
“Deep Frozen Sea” for String Ensemble	2015	Orchestra	String Orchestra	Seoul Tutti Ensemble
“Arirang Fantasy” for Clarinet Quintet	2014	Chamber	Clarinet, 2 Violins, Viola, Violoncello	
Chamber Symphony	2014	Orchestra	Orchestra	Korean Chamber Orchestra
단소, 훈, 양금, 장구를 위한 풍류	2013	Chamber	Danso, Hoon, Yanggeum, Janggu	
Seven Emotions of Hommo Communis, Proverb Cantata	2013	Choir	Choir, Piano	I Maestri
Children's Suite for Piano Solo	2013	Solo	Piano	
Das erfreuliche Geraeusch für Violine und Klavier	2012	Chamber	Violin, Piano	Ensmble Eclat
The Fateful Encounter(변강쇠전)_Prelude, 사랑가 I, II	2012	Vocal	Baritone, Soprano, Violin, Horn, Piano	
Divertimento for Winds Instruments	2012	Orchestra	Wind Orchestra	
Repetitive Mutation IIIa für Streichquartett	2012	Chamber	2 Violins, Viola, Violoncello	
Das hohepriesterliche Gebet for a cappella	2011	Choir	Choir	
In Memoriam Ilhan Yu for Tenor, Horn Quartet and String Quartet	2011	Vocal	Tenor, 4 Horns, 2 Violins, Viola, Violoncello	
Vertical Mutation III for Flute, Clarinet, Violin, Violoncello and Piano	2010	Chamber	Flute, Clarinet, Violin, Violoncello, Piano	TIMF Ensemble
Vertical Mutation II for Violin and Piano	2010	Chamber	Violin, Piano	
Linear Mutation II for 10 Instrumentalists	2010	Chamber		
Vertical Mutation for 8 Instrumentalists	2009	Chamber		TIMF Ensemble
Linear Mutation for Violin, Clarinet and Piano	2009	Chamber	Violin, Clarinet, Piano	
가을편지	2009	Vocal	Soprano, Piano	
Mutational Rhapsody for Piano Solo	2009	Solo	Piano	
Repetitive Mutation II, "Diaglogue" for Flute and Clarinet	2008	Chamber	Flute, Clarinet	
Repetitive Mutation III for String Quartet	2008	Chamber	2 Violins, Viola, Violoncello	
Chamber Mutation for Large Ensemble		Chamber	Flute, Oboe, Clarinet, Bassoon, Horn, Trumpet, Trombone, 2 Violins, Viola, Violoncello, Double Bass, Piano	
Images for Three Gayageums	2008	Chamber	3 Gayageums	Ensemble Aura
Terra Decorus for Orchestra	2007	Orchestra	Orchestra	
Serenade for Strings	2007	Orchestra	String Orchestra	
가을편지	2007	Vocal	Soprano, Piano	
Sonata for Flute, Guitar and Viola	2007	Chamber	Flute, Guitar, Viola	TIMF Ensemble
Being and Becoming for Orchestra	2007	Orchestra	Orchestra	
Stillness in Movement for Bass Clarinet and Piano	2006	Chamber	Bass Clarinet, Piano	
소프라노와 피아노를 위한 눈물	2006	Vocal	Soprano, Piano	
Three Songs for Mezzo Soprano and 9 Instrumentalists	2006	Vocal		TIMF Ensemble
바리톤과 피아노를 위한 분노	2006	Vocal	Baritone, Piano	
The Beatitude for Mixed 8 Singers and Piano	2006	Choir	Choir, Piano	
Adieu for Two Pianos	2006	Chamber	2 Pianos	Korea Piano Duo Association
Untitleds for Violin and Piano	2005	Chamber	Violin, Piano	
Repetitive Mutation for Flute Solo	2005	Solo	Flute	
Well-tempered Quartet for Strings	2005	Chamber	2 Violins, Viola, Violoncello	Ensmble Eclat
Turning Point for Flute, Clarinet, Violin and Violoncello	2004	Chamber	Flute, Clarinet, Violin, Violoncello	
Cross Voice for Piano Solo	2004	Solo	Piano	
The Change of Time for Large Ensemble	2004	Chamber	Flute, Oboe, Clarinet, Bassoon, Horn, Trumpet, Trombone, Harp, Piano, Percussion, 2 Violins, Viola, Violoncello, Double Bass	
Das hohepriesterliche Gebet für Stimme, Flöte, Cembalo und Bratsche	2004	Vocal	Soprano, Flute, Viola, Harpsichord	
The Change of Time for Large Ensemble	2004	Chamber	Flute, Oboe, Clarinet, Bassoon, Horn, Trumpet, Trombone, Harp, Piano, Percussion, 2 Violins, Viola, Violoncello, Double Bass	
Delayed Illusion for Brass Quintet	2003	Chamber	2 Trumpets, Horn, Trombone, Tuba	Pan Music Festival
The Sorrow of the Lost II for String Trio	2003	Chamber	Violin, Viola, Violoncello	
Dream for Soprano and Viola	2003	Vocal	Soprano, Viola	TIMF Ensemble
The Sorrow of the Lost for Three Violas	2002	Chamber	3 Violas	
Yu-Sahng for Piano Four Hands	2002	Chamber	Piano 4 Hands	
청성곡 for Flute Solo and Electronics	2002	Solo	Flute	
The Dragonfly before the Sun	1999	Solo	Piano	
Untitleds; Silence Is So Accurate for Viola and Piano	1999	Chamber	Viola, Piano	
Das hohepriesterliche Gebet für Chor	1997	Choir	Choir	
Stillness in Movement for Bassoon and Piano	1996	Chamber	Bassoon, Piano	
Collection Mode for Electronic Sounds and Multislide	1994	Other	Electronics	